{
  "selection_protocol": "held-out training experiment",
  "held_out_experiment": "ex_1",
  "lambda_grid": [
    0.03,
    0.05,
    0.08
  ],
  "selected_config": {
    "lambda_max": 0.08,
    "dev_best_val_loss": 0.03756975694833433,
    "heldout_rmse": 467.6170143215864,
    "heldout_mae": 287.7509022310156,
    "heldout_r2": 0.785395596571028
  },
  "final_retrain_val_loss": 0.03629333121214239
}